{
  "site_configs": {
    "image_favicon_url": "https://website-majorjayant.s3.eu-north-1.amazonaws.com/FavIcon",
    "image_logo_url": "https://website-majorjayant.s3.eu-north-1.amazonaws.com/Logo",
    "image_banner_url": "https://website-majorjayant.s3.eu-north-1.amazonaws.com/Banner",
    "about_title": "J A",
    "about_subtitle": "Curious Mind. Data Geek. Product Whisperer.",
    "about_description": "Ever since I was a kid, I've been that person - the one who asks why, what, and so what? on repeat. Fast forward to today, and not much has changed. I thrive on solving complex problems, breaking down business chaos into structured roadmaps, and turning data into decisions that matter.",
    "image_about_profile_url": "https://website-majorjayant.s3.eu-north-1.amazonaws.com/profilephoto+(2).svg",
    "image_about_photo1_url": "https://website-majorjayant.s3.eu-north-1.amazonaws.com/IMG_0138.jpg",
    "image_about_photo2_url": "https://website-majorjayant.s3.eu-north-1.amazonaws.com/IMG_0915.jpg",
    "image_about_photo3_url": "https://website-majorjayant.s3.eu-north-1.amazonaws.com/IMG_1461.jpg",
    "image_about_photo4_url": "https://website-majorjayant.s3.eu-north-1.amazonaws.com/IMG_1627.jpg",
    "about_photo1_alt": "Test Photo 1 Alt Text",
    "about_photo2_alt": "Test Photo 2 Alt Text",
    "about_photo3_alt": "Test Photo 3 Alt Text",
    "about_photo4_alt": "Test Photo 4 Alt Text"
  },
  "about_content": {
    "title": "Jayant Arora",
    "subtitle": "Curious Mind. Data Geek. Product Whisperer.",
    "description": "Ever since I was a kid, I've been that person - the one who asks why, what, and so what? on repeat. Fast forward to today, and not much has changed. I thrive on solving complex problems, breaking down business chaos into structured roadmaps, and turning data into decisions that matter. At AtliQ Technologies, I juggle 10+ projects at once (because why settle for one challenge when you can have ten?), aligning stakeholders, streamlining workflows, and integrating AI to make things smarter, not harder. Before this, I optimized product roadmaps at Unifyed and took a product from 5 users to 10K+ at sGate Tech Solutions. From pre-sales to GTM strategy, AI integration to competitor research - I've done it all, and I'm just getting started. Here's the deal: I obsess over execution, geek out over data, and believe in questioning everything. My approach? Think big, start small, and move fast. If you're looking for someone who can decode business problems, simplify the complex, and actually get things done - let's talk.",
    "profile_image": "https://website-majorjayant.s3.eu-north-1.amazonaws.com/profilephoto+(2).svg",
    "photos": [
      {
        "url": "https://website-majorjayant.s3.eu-north-1.amazonaws.com/IMG_0138.jpg",
        "alt": "Test Photo 1 Alt Text"
      },
      {
        "url": "https://website-majorjayant.s3.eu-north-1.amazonaws.com/IMG_0915.jpg",
        "alt": "Test Photo 2 Alt Text"
      },
      {
        "url": "https://website-majorjayant.s3.eu-north-1.amazonaws.com/IMG_1461.jpg",
        "alt": "Test Photo 3 Alt Text"
      },
      {
        "url": "https://website-majorjayant.s3.eu-north-1.amazonaws.com/IMG_1627.jpg",
        "alt": "Test Photo 4 Alt Text"
      }
    ]
  },
  "image_urls": {
    "favicon": "https://website-majorjayant.s3.eu-north-1.amazonaws.com/FavIcon",
    "logo": "https://website-majorjayant.s3.eu-north-1.amazonaws.com/Logo",
    "banner": "https://website-majorjayant.s3.eu-north-1.amazonaws.com/Banner",
    "about_profile": "https://website-majorjayant.s3.eu-north-1.amazonaws.com/profilephoto+(2).svg",
    "about_photo1": "https://website-majorjayant.s3.eu-north-1.amazonaws.com/IMG_0138.jpg",
    "about_photo2": "https://website-majorjayant.s3.eu-north-1.amazonaws.com/IMG_0915.jpg",
    "about_photo3": "https://website-majorjayant.s3.eu-north-1.amazonaws.com/IMG_1461.jpg",
    "about_photo4": "https://website-majorjayant.s3.eu-north-1.amazonaws.com/IMG_1627.jpg"
  },
  "exported_at": "2025-03-28T02:35:25.141489",
  "export_source": "database"
}