{
  "title": "Test About Title 02:55:48",
  "subtitle": "Test Subtitle - 2025-03-28",
  "description": "This is a test description added by the testing script on 2025-03-28 02:55:48",
  "profile_image": "https://website-majorjayant.s3.eu-north-1.amazonaws.com/Adobe+Express+-+file.png",
  "photos": [
    {
      "url": "https://website-majorjayant.s3.eu-north-1.amazonaws.com/IMG_0138.jpg",
      "alt": "Test Photo 1 Alt Text"
    },
    {
      "url": "https://website-majorjayant.s3.eu-north-1.amazonaws.com/IMG_0915.jpg",
      "alt": "Test Photo 2 Alt Text"
    },
    {
      "url": "https://website-majorjayant.s3.eu-north-1.amazonaws.com/IMG_1461.jpg",
      "alt": "Test Photo 3 Alt Text"
    },
    {
      "url": "https://website-majorjayant.s3.eu-north-1.amazonaws.com/IMG_1627.jpg",
      "alt": "Test Photo 4 Alt Text"
    }
  ]
}